<?xml version="1.0" encoding="UTF-8"?>

<mule xmlns:context="http://www.springframework.org/schema/context"
	xmlns:https="http://www.mulesoft.org/schema/mule/https" xmlns="http://www.mulesoft.org/schema/mule/core"
	xmlns:doc="http://www.mulesoft.org/schema/mule/documentation"
	xmlns:spring="http://www.springframework.org/schema/beans" xmlns:util="http://www.springframework.org/schema/util"
	xmlns:http="http://www.mulesoft.org/schema/mule/http" 
	xmlns:amqp="http://www.mulesoft.org/schema/mule/amqp"
	xmlns:management="http://www.mulesoft.org/schema/mule/management"
	version="CE-3.2.1" xmlns:xsi="http://www.w3.org/2001/XMLSchema-instance"
	xsi:schemaLocation="
http://www.mulesoft.org/schema/mule/https http://www.mulesoft.org/schema/mule/https/current/mule-https.xsd 
http://www.springframework.org/schema/beans http://www.springframework.org/schema/beans/spring-beans-3.1.xsd 
http://www.springframework.org/schema/util http://www.springframework.org/schema/util/spring-util-3.1.xsd 
http://www.springframework.org/schema/context http://www.springframework.org/schema/context/spring-context-3.1.xsd 
http://www.mulesoft.org/schema/mule/core http://www.mulesoft.org/schema/mule/core/current/mule.xsd 
http://www.mulesoft.org/schema/mule/management http://www.mulesoft.org/schema/mule/management/3.0/mule-management.xsd 
http://www.mulesoft.org/schema/mule/amqp http://www.mulesoft.org/schema/mule/amqp/current/mule-amqp.xsd 
http://www.mulesoft.org/schema/mule/http http://www.mulesoft.org/schema/mule/http/current/mule-http.xsd ">

	<http:polling-connector name="HTTPPollingConnector"
		pollingFrequency="120000" doc:name="HTTPPollingConnector" />
	<http:connector name="HTTPRESTConnector" doc:name="HTTPRESTConnector" />

	<http:connector name="HTTPDefaultConnector" doc:name="HTTPDefaultConnector"
		clientSoTimeout="30000" serverSoTimeout="30000">
		<reconnect frequency="30000" count="3" />
	</http:connector>

	<https:connector name="HTTPSDefaultConnector" doc:name="HTTPSDefaultConnector"
		clientSoTimeout="30000" serverSoTimeout="30000">
		<reconnect frequency="30000" count="3" />
	</https:connector>


	<spring:beans>

	<!-- 	<context:component-scan base-package="com.nebulent" /> -->

	</spring:beans>

</mule>
