<?xml version='1.0' encoding='UTF-8'?>
<?artifactRepository version='1.1.0'?>
<repository name='file:/E:/WS/throttled-connector/target/update-site/ - artifacts' type='org.eclipse.equinox.p2.artifact.repository.simpleRepository' version='1'>
  <properties size='2'>
    <property name='p2.timestamp' value='1355394568639'/>
    <property name='p2.compressed' value='false'/>
  </properties>
  <mappings size='3'>
    <rule filter='(&amp; (classifier=osgi.bundle))' output='${repoUrl}/plugins/${id}_${version}.jar'/>
    <rule filter='(&amp; (classifier=binary))' output='${repoUrl}/binary/${id}_${version}'/>
    <rule filter='(&amp; (classifier=org.eclipse.update.feature))' output='${repoUrl}/features/${id}_${version}.jar'/>
  </mappings>
  <artifacts size='2'>
    <artifact classifier='org.eclipse.update.feature' id='org.mule.tooling.ui.extension.nebulent-utils' version='1.0.0.201212131229'>
      <properties size='4'>
        <property name='artifact.size' value='642'/>
        <property name='download.size' value='642'/>
        <property name='download.md5' value='eadc7cf1a3bfe848d1d2cdddd50c882d'/>
        <property name='download.contentType' value='application/zip'/>
      </properties>
    </artifact>
    <artifact classifier='osgi.bundle' id='org.mule.tooling.ui.extension.nebulent-utils' version='1.0.0.201212131229'>
      <properties size='3'>
        <property name='artifact.size' value='107862'/>
        <property name='download.size' value='107862'/>
        <property name='download.md5' value='247b67d6a444a6f9baa6d05a62153a1e'/>
      </properties>
    </artifact>
  </artifacts>
</repository>
